2022-03-31 16:28:30.520228,https://lh3.googleusercontent.com/pwSJlrwF47OR1fiwBpylwkyIxCjzx457NLgZxhHP1EIvYgMDhB69W_VmV-P54vaRSnYlouXe18mwg9nGlrgQVpsYSPNKVytjpMdt=w281
2022-03-31 16:28:44.613153,https://lh3.googleusercontent.com/9G2znHqrgDVQSyLYEQ7V7BaqrOT1mksIdHWDNMsT7f5SI7UhWQDSTqoBx30-Qpjuf52vBaO6BoyzU5VaW9RTGgH-2nf9qAnL99RQUQ=w281
2022-03-31 16:29:04.492209,https://lh3.googleusercontent.com/HxP7s-UqLVb3VK6J1TRj66aArwxfTW-6n79n1ma0_2ZsO-TZhrPKQCBZSUVyTDTeU-TopG4nafS25RDH6xorCZrrRDQtSK_Dm9h9=w281
2022-03-31 16:29:32.102676,https://lh3.googleusercontent.com/ylzNrSD9-UVlIMCixp8pQbE1bHQzTz0qZDw-vSz-ctIPo0OkfZ84tAkd26zFxFFNhsLWxGDQebCvVZJ9K09XDQKSX0VQkj0E_dK21Q=w281
2022-03-31 16:31:52.776230,https://nftydaze.com/wp-content/uploads/2022/03/73295-e1648509595478.jpg
2022-05-30 10:06:33.918084,ethereum:0xB3b1A1193a0B7B48B46eFC3c86B614B152c257D5@1
2022-05-30 10:10:01.435486,ethereum:0xB3b1A1193a0B7B48B46eFC3c86B614B152c257D5@1
2022-05-30 10:12:36.640437,ethereum:0xB3b1A1193a0B7B48B46eFC3c86B614B152c257D5@1
2022-05-30 10:15:18.863769,ethereum:0xB3b1A1193a0B7B48B46eFC3c86B614B152c257D5@1
2022-05-30 10:16:51.335626,ethereum:0xB3b1A1193a0B7B48B46eFC3c86B614B152c257D5@1
2022-05-30 10:35:18.422744,ethereum:0xB3b1A1193a0B7B48B46eFC3c86B614B152c257D5@1
2022-05-30 10:43:44.338453,ethereum:0xB3b1A1193a0B7B48B46eFC3c86B614B152c257D5@1
2022-05-31 21:11:56.116223,ethereum:0xB3b1A1193a0B7B48B46eFC3c86B614B152c257D5@1
2022-05-31 21:35:18.429463,ethereum:0xB3b1A1193a0B7B48B46eFC3c86B614B152c257D5@1
2022-05-31 21:41:32.561966,ethereum:0xB3b1A1193a0B7B48B46eFC3c86B614B152c257D5@1
2022-05-31 21:46:22.043527,ethereum:0xB3b1A1193a0B7B48B46eFC3c86B614B152c257D5@1
2022-05-31 21:52:52.307001,ethereum:0xB3b1A1193a0B7B48B46eFC3c86B614B152c257D5@1
2022-05-31 21:58:11.125014,ethereum:0xB3b1A1193a0B7B48B46eFC3c86B614B152c257D5@1
2022-05-31 22:01:56.054561,ethereum:0xB3b1A1193a0B7B48B46eFC3c86B614B152c257D5@1
2022-05-31 22:03:41.550919,ethereum:0xB3b1A1193a0B7B48B46eFC3c86B614B152c257D5@1
2022-05-31 22:16:49.926333,ethereum:0xB3b1A1193a0B7B48B46eFC3c86B614B152c257D5@1
2022-05-31 22:19:37.743730,ethereum:0xB3b1A1193a0B7B48B46eFC3c86B614B152c257D5@1
2022-05-31 22:25:41.365203,ethereum:0xB3b1A1193a0B7B48B46eFC3c86B614B152c257D5@1
2022-05-31 22:26:55.768211,ethereum:0xB3b1A1193a0B7B48B46eFC3c86B614B152c257D5@1
2022-05-31 22:37:16.934609,ethereum:0xB3b1A1193a0B7B48B46eFC3c86B614B152c257D5@1
2022-05-31 22:45:40.585112,ethereum:0xB3b1A1193a0B7B48B46eFC3c86B614B152c257D5@1
2022-05-31 22:47:57.808201,ethereum:0xB3b1A1193a0B7B48B46eFC3c86B614B152c257D5@1
2022-05-31 22:50:54.128269,ethereum:0xB3b1A1193a0B7B48B46eFC3c86B614B152c257D5@1
2022-05-31 22:56:28.897007,ethereum:0xB3b1A1193a0B7B48B46eFC3c86B614B152c257D5@1
2022-05-31 22:58:39.094886,ethereum:0xB3b1A1193a0B7B48B46eFC3c86B614B152c257D5@1
2022-05-31 23:02:34.207985,ethereum:0xB3b1A1193a0B7B48B46eFC3c86B614B152c257D5@1
2022-09-09 17:26:37.804292,ethereum:0xB3b1A1193a0B7B48B46eFC3c86B614B152c257D5@1
